{"@context":
	{"id":"@id"
	,"graph":"@graph"
	,"rdf":"http://www.w3.org/1999/02/22-rdf-syntax-ns#"
	,"rdfs":"http://www.w3.org/2000/01/rdf-schema#"
	,"skos":"http://www.w3.org/2004/02/skos/core#"
	,"rdf:type":{"@type":"@id"}
	}
,"graph":
[
    {"id":"http://definities.geostandaarden.nl/imkl/id/begrip/Aanvraag"
,"@type": "http://www.w3.org/2004/02/skos/core#Concept"
    ,"rdfs:label": "aanvraag"
    ,"skos:definition": "De gegevens van de gebiedsinformatie-aanvraag."
    ,"skos:prefLabel": "aanvraag"
    },
    {"id":"http://definities.geostandaarden.nl/imkl/id/begrip/Address"
,"@type": "http://www.w3.org/2004/02/skos/core#Concept"
    ,"rdfs:label": "adres"
    ,"skos:definition": "An address provided as free text.\n"
    ,"skos:prefLabel": "adres"
    },
    {"id":"http://definities.geostandaarden.nl/imkl/id/begrip/BGT_ID"
,"@type": "http://www.w3.org/2004/02/skos/core#Concept"
    ,"rdfs:label": "BGT-identificatie"
    ,"skos:definition": "Verwijzing naar het ID van het overeenkomstige object uit de Basisregistratie Grootschalige Topografie of pluslaag."
    ,"skos:prefLabel": "BGT-identificatie"
    },
    {"id":"http://definities.geostandaarden.nl/imkl/id/begrip/BeginLifespanVersion_IMKLBasis"
,"@type": "http://www.w3.org/2004/02/skos/core#Concept"
    ,"rdfs:label": "begin levesduur versie (IMKLBasis)"
    ,"skos:definition": "De begindatum waarop een data object in de registratie werd aangemaakt, het begin van de levenscyclus van een data object."
    ,"skos:prefLabel": "begin levesduur versie"
    },
    {"id":"http://definities.geostandaarden.nl/imkl/id/begrip/BeginLifespanVersion_NetworkElement"
,"@type": "http://www.w3.org/2004/02/skos/core#Concept"
    ,"rdfs:label": "begin levensduur versie (NetworkElement)"
    ,"skos:definition": "Date and time at which this version of the spatial object was inserted or changed in the spatial data set.\n"
    ,"skos:prefLabel": "begin levensduur versie"
    },
    {"id":"http://definities.geostandaarden.nl/imkl/id/begrip/BeheerderVeiligheidsgebied"
,"@type": "http://www.w3.org/2004/02/skos/core#Concept"
    ,"rdfs:label": "beheerder veiligheidsgebied"
    ,"skos:definition": "Gegevens van de  beheerder van het veiligheidsgebied."
    ,"skos:prefLabel": "beheerder veiligheidsgebied"
    },
    {"id":"http://definities.geostandaarden.nl/imkl/id/begrip/Belanghebbende_GebiedsinformatieLevering"
,"@type": "http://www.w3.org/2004/02/skos/core#Concept"
    ,"rdfs:label": "belanghebbende (GebiedsinformatieLevering)"
    ,"skos:definition": "Verwijzing naar belanghebbende beheerder(s)."
    ,"skos:prefLabel": "belanghebbende"
    },
    {"id":"http://definities.geostandaarden.nl/imkl/id/begrip/Belanghebbende_IMKL"
,"@type": "http://www.w3.org/2004/02/skos/core#Concept"
    ,"rdfs:label": "belanghebbende (IMKL)"
    ,"skos:definition": "Een belanghebbende beheerder is een beheerder met een beheerpolygoon dat geheel of gedeeltelijk ligt in de aangevraagde polygoon."
    ,"skos:prefLabel": "belanghebbende"
    },
    {"id":"http://definities.geostandaarden.nl/imkl/id/begrip/Bijlage_Belanghebbende"
,"@type": "http://www.w3.org/2004/02/skos/core#Concept"
    ,"rdfs:label": "bijlage (Belanghebbende)"
    ,"skos:definition": "Documentbijlage bij gebiedsinformatie."
    ,"skos:prefLabel": "bijlage"
    },
    {"id":"http://definities.geostandaarden.nl/imkl/id/begrip/Bijlage_IMKL"
,"@type": "http://www.w3.org/2004/02/skos/core#Concept"
    ,"rdfs:label": "bijlage (IMKL)"
    ,"skos:definition": "Documentbijlage."
    ,"skos:prefLabel": "bijlage"
    },
    {"id":"http://definities.geostandaarden.nl/imkl/id/begrip/BovengrondsZichtbaar_KabelEnLeidingContainer,Leidingelement"
,"@type": "http://www.w3.org/2004/02/skos/core#Concept"
    ,"rdfs:label": "bovengronds zichtbaar (KabelEnLeidingContainer, Leidingelement)"
    ,"skos:definition": "Aangegeven wordt of het leidingelement bovengronds vanaf het maaiveld zichtbaar is."
    ,"skos:prefLabel": "bovengronds zichtbaar"
    },
    {"id":"http://definities.geostandaarden.nl/imkl/id/begrip/CentrelineGeometry"
,"@type": "http://www.w3.org/2004/02/skos/core#Concept"
    ,"rdfs:label": "geometrie hartlijn"
    ,"skos:definition": "The geometry that represents the centreline of the link.\n"
    ,"skos:prefLabel": "geometrie hartlijn"
    },
    {"id":"http://definities.geostandaarden.nl/imkl/id/begrip/ContactInstructions"
,"@type": "http://www.w3.org/2004/02/skos/core#Concept"
    ,"rdfs:label": "contactinstructies"
    ,"skos:definition": "Supplementary instructions on how or when to contact an individual or organisation.\n\n"
    ,"skos:prefLabel": "contactinstructies"
    },
    {"id":"http://definities.geostandaarden.nl/imkl/id/begrip/Contact_BaseTypes2"
,"@type": "http://www.w3.org/2004/02/skos/core#Concept"
    ,"rdfs:label": "contact (Base Types 2)"
    ,"skos:definition": "Communication channels by which it is possible to gain access to someone or something.\n"
    ,"skos:prefLabel": "contact"
    },
    {"id":"http://definities.geostandaarden.nl/imkl/id/begrip/Contact_IMKL"
,"@type": "http://www.w3.org/2004/02/skos/core#Concept"
    ,"rdfs:label": "contact (IMKL)"
    ,"skos:definition": "Contactgegevens."
    ,"skos:prefLabel": "contact"
    },
    {"id":"http://definities.geostandaarden.nl/imkl/id/begrip/DirectedLink"
,"@type": "http://www.w3.org/2004/02/skos/core#Concept"
    ,"rdfs:label": "gerichte link"
    ,"skos:definition": "A link either in its positive or negative direction.\n"
    ,"skos:prefLabel": "gerichte link"
    },
    {"id":"http://definities.geostandaarden.nl/imkl/id/begrip/EigenTopografie_Belanghebbende"
,"@type": "http://www.w3.org/2004/02/skos/core#Concept"
    ,"rdfs:label": "eigen topografie (Belanghebbende)"
    ,"skos:definition": "Topografie die door netbeheerder wordt toegevoegd voor relatieve plaatsbepaling van objecten."
    ,"skos:prefLabel": "eigen topografie"
    },
    {"id":"http://definities.geostandaarden.nl/imkl/id/begrip/EigenTopografie_IMKL"
,"@type": "http://www.w3.org/2004/02/skos/core#Concept"
    ,"rdfs:label": "eigen topografie (IMKL)"
    ,"skos:definition": "Topografie die extra wordt toegevoegd voor relatieve plaatsbepaling van objecten."
    ,"skos:prefLabel": "eigen topografie"
    },
    {"id":"http://definities.geostandaarden.nl/imkl/id/begrip/EisVoorzorgsmaatregel"
,"@type": "http://www.w3.org/2004/02/skos/core#Concept"
    ,"rdfs:label": "eis voorzorgsmaatregel"
    ,"skos:definition": "Vermelding of er voorzorgsmaatregelen getroffen dienen te worden. Aangegeven wordt wat de voorzorgsmaatregel is. "
    ,"skos:prefLabel": "eis voorzorgsmaatregel"
    },
    {"id":"http://definities.geostandaarden.nl/imkl/id/begrip/ElectronicMailAddress"
,"@type": "http://www.w3.org/2004/02/skos/core#Concept"
    ,"rdfs:label": "mailadres"
    ,"skos:definition": "An address of the organisation's or individual's electronic mailbox.\n"
    ,"skos:prefLabel": "mailadres"
    },
    {"id":"http://definities.geostandaarden.nl/imkl/id/begrip/Elements"
,"@type": "http://www.w3.org/2004/02/skos/core#Concept"
    ,"rdfs:label": "elementen"
    ,"skos:definition": "The collection of elements that constitutes the network.\n"
    ,"skos:prefLabel": "elementen"
    },
    {"id":"http://definities.geostandaarden.nl/imkl/id/begrip/Email_AanvraagSoortContact,Contact"
,"@type": "http://www.w3.org/2004/02/skos/core#Concept"
    ,"rdfs:label": "email (AanvraagSoortContact, Contact)"
    ,"skos:definition": "E-mail adres van het contact."
    ,"skos:prefLabel": "email"
    },
    {"id":"http://definities.geostandaarden.nl/imkl/id/begrip/EndLifespanVersion_IMKLBasis"
,"@type": "http://www.w3.org/2004/02/skos/core#Concept"
    ,"rdfs:label": "einde levensduur versie (IMKLBasis)"
    ,"skos:definition": "De datum die het einde van een levenscyclus van een data object aangeeft. "
    ,"skos:prefLabel": "einde levensduur versie"
    },
    {"id":"http://definities.geostandaarden.nl/imkl/id/begrip/EndLifespanVersion_NetworkElement"
,"@type": "http://www.w3.org/2004/02/skos/core#Concept"
    ,"rdfs:label": "einde levensduur versie (NetworkElement)"
    ,"skos:definition": "Date and time at which this version of the spatial object was superseded or retired in the spatial data set.\n"
    ,"skos:prefLabel": "einde levensduur versie"
    },
    {"id":"http://definities.geostandaarden.nl/imkl/id/begrip/EndNode"
,"@type": "http://www.w3.org/2004/02/skos/core#Concept"
    ,"rdfs:label": "eindnode"
    ,"skos:definition": "The optional end node for this link. The end node may be the same instance as the start node. "
    ,"skos:prefLabel": "eindnode"
    },
    {"id":"http://definities.geostandaarden.nl/imkl/id/begrip/ExtraGeometrie_ContainerLeidingelement,KabelEnLeidingContainer,KabelOfLeiding,Leidingelement"
,"@type": "http://www.w3.org/2004/02/skos/core#Concept"
    ,"rdfs:label": "extra geometrie (ContainerLeidingelement, KabelEnLeidingContainer, KabelOfLeiding, Leidingelement)"
    ,"skos:definition": "Extra geometrie naast de verplichte arc/node."
    ,"skos:prefLabel": "extra geometrie"
    },
    {"id":"http://definities.geostandaarden.nl/imkl/id/begrip/ExtraGeometrie_IMKL"
,"@type": "http://www.w3.org/2004/02/skos/core#Concept"
    ,"rdfs:label": "extra geometrie (IMKL)"
    ,"skos:definition": "Verzamelobject voor extra geometrie van netwerkelementen. "
    ,"skos:prefLabel": "extra geometrie"
    },
    {"id":"http://definities.geostandaarden.nl/imkl/id/begrip/Fictitious"
,"@type": "http://www.w3.org/2004/02/skos/core#Concept"
    ,"rdfs:label": "schematisch"
    ,"skos:definition": "Indicator that the centreline geometry of the link is a straight line with no intermediate control points &ndash; unless the straight line represents the geography in the resolution of the data set appropriately.\n"
    ,"skos:prefLabel": "schematisch"
    },
    {"id":"http://definities.geostandaarden.nl/imkl/id/begrip/GeneralisedLink"
,"@type": "http://www.w3.org/2004/02/skos/core#Concept"
    ,"rdfs:label": "link algemeen"
    ,"skos:definition": "Abstract base type representing a linear network element that may be used as a target in linear referencing.\n"
    ,"skos:prefLabel": "link algemeen"
    },
    {"id":"http://definities.geostandaarden.nl/imkl/id/begrip/GeoNauwkeurigheidXY"
,"@type": "http://www.w3.org/2004/02/skos/core#Concept"
    ,"rdfs:label": "geometrische nauwkeurigheid van XY"
    ,"skos:definition": "Indicatie van de nauwkeurigheid in horizontaal vlak (x,y) waarmee de geometrie van de ligging van de leiding is aangegeven."
    ,"skos:prefLabel": "geometrische nauwkeurigheid van XY"
    },
    {"id":"http://definities.geostandaarden.nl/imkl/id/begrip/GeographicalName"
,"@type": "http://www.w3.org/2004/02/skos/core#Concept"
    ,"rdfs:label": "geografische naam"
    ,"skos:definition": "Geographical name for this network.\n"
    ,"skos:prefLabel": "geografische naam"
    },
    {"id":"http://definities.geostandaarden.nl/imkl/id/begrip/Geometry"
,"@type": "http://www.w3.org/2004/02/skos/core#Concept"
    ,"rdfs:label": "geometrie"
    ,"skos:definition": "The location of the node.\n"
    ,"skos:prefLabel": "geometrie"
    },
    {"id":"http://definities.geostandaarden.nl/imkl/id/begrip/GeraaktBelangBijGraafpolygoon"
,"@type": "http://www.w3.org/2004/02/skos/core#Concept"
    ,"rdfs:label": "geraakt belang bij graafpolygoon"
    ,"skos:definition": "Verwijzing naar gebied waar een belang is geraak door een graafpolygoon."
    ,"skos:prefLabel": "geraakt belang bij graafpolygoon"
    },
    {"id":"http://definities.geostandaarden.nl/imkl/id/begrip/GeraaktBelangBijInformatiepolygoon"
,"@type": "http://www.w3.org/2004/02/skos/core#Concept"
    ,"rdfs:label": "geraakt belang bij informatiepolygoon"
    ,"skos:definition": "Verwijzing naar gebied waar een belang is geraak door een informatiepolygoon."
    ,"skos:prefLabel": "geraakt belang bij informatiepolygoon"
    },
    {"id":"http://definities.geostandaarden.nl/imkl/id/begrip/GeraaktBelangBijOrientatiepolygoon"
,"@type": "http://www.w3.org/2004/02/skos/core#Concept"
    ,"rdfs:label": "geraakt belang bij oriëntatiepolygoon"
    ,"skos:definition": "Verwijzing naar gebied waar een belang is geraak door een orientatiepolygoon."
    ,"skos:prefLabel": "geraakt belang bij oriëntatiepolygoon"
    },
    {"id":"http://definities.geostandaarden.nl/imkl/id/begrip/Graafpolygoon_GebiedsinformatieAanvraag"
,"@type": "http://www.w3.org/2004/02/skos/core#Concept"
    ,"rdfs:label": "graafpolygoon (GebiedsinformatieAanvraag)"
    ,"skos:definition": "Verwijzing naar graafpolygoon."
    ,"skos:prefLabel": "graafpolygoon"
    },
    {"id":"http://definities.geostandaarden.nl/imkl/id/begrip/Graafpolygoon_IMKL"
,"@type": "http://www.w3.org/2004/02/skos/core#Concept"
    ,"rdfs:label": "graafpolygoon (IMKL)"
    ,"skos:definition": "Een graafpolygoon is de weergave door een grondroerder van het gebied, waarbinnen de graaflocatie zich bevindt."
    ,"skos:prefLabel": "graafpolygoon"
    },
    {"id":"http://definities.geostandaarden.nl/imkl/id/begrip/HeeftExtraInformatie"
,"@type": "http://www.w3.org/2004/02/skos/core#Concept"
    ,"rdfs:label": "extra informatie"
    ,"skos:definition": "Extra informatie over dit object."
    ,"skos:prefLabel": "extra informatie"
    },
    {"id":"http://definities.geostandaarden.nl/imkl/id/begrip/HoursOfService"
,"@type": "http://www.w3.org/2004/02/skos/core#Concept"
    ,"rdfs:label": "bereikbaarheidstijden"
    ,"skos:definition": "Periods of time when the organisation or individual can be contacted.\n"
    ,"skos:prefLabel": "bereikbaarheidstijden"
    },
    {"id":"http://definities.geostandaarden.nl/imkl/id/begrip/Identifier"
,"@type": "http://www.w3.org/2004/02/skos/core#Concept"
    ,"rdfs:label": "identificatie"
    ,"skos:definition": "External unique object identifier published by the responsible body, which may be used by external applications to reference the spatial object.\n"
    ,"skos:prefLabel": "identificatie"
    },
    {"id":"http://definities.geostandaarden.nl/imkl/id/begrip/InNetwork_ContainerLeidingelement,Diepte,ExtraGeometrie,ExtraInformatie"
,"@type": "http://www.w3.org/2004/02/skos/core#Concept"
    ,"rdfs:label": "in netwerk (ContainerLeidingelement, Diepte, ExtraGeometrie, ExtraInformatie)"
    ,"skos:definition": "Verwijzing naar het utiliteitsnet."
    ,"skos:prefLabel": "in netwerk"
    },
    {"id":"http://definities.geostandaarden.nl/imkl/id/begrip/InNetwork_NetworkElement"
,"@type": "http://www.w3.org/2004/02/skos/core#Concept"
    ,"rdfs:label": "in netwerk (NetworkElement)"
    ,"skos:definition": "The networks in which a network element is a member."
    ,"skos:prefLabel": "in netwerk"
    },
    {"id":"http://definities.geostandaarden.nl/imkl/id/begrip/Informatiepolygoon_GebiedsinformatieAanvraag"
,"@type": "http://www.w3.org/2004/02/skos/core#Concept"
    ,"rdfs:label": "informatiepolygoon (GebiedsinformatieAanvraag)"
    ,"skos:definition": "Verwijzing naar informatiepolygoon."
    ,"skos:prefLabel": "informatiepolygoon"
    },
    {"id":"http://definities.geostandaarden.nl/imkl/id/begrip/Informatiepolygoon_IMKL"
,"@type": "http://www.w3.org/2004/02/skos/core#Concept"
    ,"rdfs:label": "informatiepolygoon (IMKL)"
    ,"skos:definition": "Een informatiepolygoon is de weergave door een grondroerder van het gebied, waarvoor gebiedsinformatie wordt gevraagd."
    ,"skos:prefLabel": "informatiepolygoon"
    },
    {"id":"http://definities.geostandaarden.nl/imkl/id/begrip/InspireId"
,"@type": "http://www.w3.org/2004/02/skos/core#Concept"
    ,"rdfs:label": "identificatie"
    ,"skos:definition": "External object identifier of the spatial object.\n"
    ,"skos:prefLabel": "identificatie"
    },
    {"id":"http://definities.geostandaarden.nl/imkl/id/begrip/Labelpositie_Annotatie,Maatvoering"
,"@type": "http://www.w3.org/2004/02/skos/core#Concept"
    ,"rdfs:label": "labelpositie (Annotatie, Maatvoering)"
    ,"skos:definition": "Plaats van de labeltekst t.o.v. plaatsingspunt."
    ,"skos:prefLabel": "labelpositie"
    },
    {"id":"http://definities.geostandaarden.nl/imkl/id/begrip/Ligging_Annotatie,Maatvoering"
,"@type": "http://www.w3.org/2004/02/skos/core#Concept"
    ,"rdfs:label": "ligging (Annotatie, Maatvoering)"
    ,"skos:definition": "Positie of geometrie van de annotatie."
    ,"skos:prefLabel": "ligging"
    },
    {"id":"http://definities.geostandaarden.nl/imkl/id/begrip/LinkSequence"
,"@type": "http://www.w3.org/2004/02/skos/core#Concept"
    ,"rdfs:label": "linksequentie"
    ,"skos:definition": "A network element which represents a continuous path in the network without any branches. The element has a defined beginning and end and every position on the link sequence is identifiable with one single parameter such as length. \n"
    ,"skos:prefLabel": "linksequentie"
    },
    {"id":"http://definities.geostandaarden.nl/imkl/id/begrip/LinkSet"
,"@type": "http://www.w3.org/2004/02/skos/core#Concept"
    ,"rdfs:label": "verzameling van links"
    ,"skos:definition": "A collection of link sequences and/or individual links that has a specific function or significance in a network. \n"
    ,"skos:prefLabel": "verzameling van links"
    },
    {"id":"http://definities.geostandaarden.nl/imkl/id/begrip/Link_DirectedLink"
,"@type": "http://www.w3.org/2004/02/skos/core#Concept"
    ,"rdfs:label": "link (DirectedLink)"
    ,"skos:definition": "The link"
    ,"skos:prefLabel": "link"
    },
    {"id":"http://definities.geostandaarden.nl/imkl/id/begrip/Link_LinkSequence"
,"@type": "http://www.w3.org/2004/02/skos/core#Concept"
    ,"rdfs:label": "link (LinkSequence)"
    ,"skos:definition": "The ordered collection of directed links that constitute the link sequence.\n"
    ,"skos:prefLabel": "link"
    },
    {"id":"http://definities.geostandaarden.nl/imkl/id/begrip/Link_LinkSet"
,"@type": "http://www.w3.org/2004/02/skos/core#Concept"
    ,"rdfs:label": "link (LinkSet)"
    ,"skos:definition": "The set of links and link sequences that constitute the link set."
    ,"skos:prefLabel": "link"
    },
    {"id":"http://definities.geostandaarden.nl/imkl/id/begrip/Link_Network"
,"@type": "http://www.w3.org/2004/02/skos/core#Concept"
    ,"rdfs:label": "link (Network)"
    ,"skos:definition": "Curvilinear network element that connects two positions and represents a homogeneous path in the network. The connected positions may be represented as nodes.\n"
    ,"skos:prefLabel": "link"
    },
    {"id":"http://definities.geostandaarden.nl/imkl/id/begrip/LocalId"
,"@type": "http://www.w3.org/2004/02/skos/core#Concept"
    ,"rdfs:label": "lokale identificatie"
    ,"skos:definition": "A local identifier, assigned by the data provider. The local identifier is unique within the namespace, that is no other spatial object carries the same unique identifier.\n"
    ,"skos:prefLabel": "lokale identificatie"
    },
    {"id":"http://definities.geostandaarden.nl/imkl/id/begrip/Naam_AanvraagSoortContact,Contact"
,"@type": "http://www.w3.org/2004/02/skos/core#Concept"
    ,"rdfs:label": "naam (AanvraagSoortContact, Contact)"
    ,"skos:definition": "Naam van het contact."
    ,"skos:prefLabel": "naam"
    },
    {"id":"http://definities.geostandaarden.nl/imkl/id/begrip/Namespace_Identifier"
,"@type": "http://www.w3.org/2004/02/skos/core#Concept"
    ,"rdfs:label": "namespace (Identifier)"
    ,"skos:definition": "Namespace uniquely identifying the data source of the spatial object.\n"
    ,"skos:prefLabel": "namespace"
    },
    {"id":"http://definities.geostandaarden.nl/imkl/id/begrip/Namespace_NEN3610ID"
,"@type": "http://www.w3.org/2004/02/skos/core#Concept"
    ,"rdfs:label": "namespace (NEN3610ID)"
    ,"skos:definition": "unieke verwijzing naar een registratie van objecten"
    ,"skos:prefLabel": "namespace"
    },
    {"id":"http://definities.geostandaarden.nl/imkl/id/begrip/Netbeheerder"
,"@type": "http://www.w3.org/2004/02/skos/core#Concept"
    ,"rdfs:label": "netbeheerder"
    ,"skos:definition": "Gegevens van de belanghebbende beheerder."
    ,"skos:prefLabel": "netbeheerder"
    },
    {"id":"http://definities.geostandaarden.nl/imkl/id/begrip/Network"
,"@type": "http://www.w3.org/2004/02/skos/core#Concept"
    ,"rdfs:label": "netwerk"
    ,"skos:definition": "A network is a collection of network elements.\n"
    ,"skos:prefLabel": "netwerk"
    },
    {"id":"http://definities.geostandaarden.nl/imkl/id/begrip/NetworkElement"
,"@type": "http://www.w3.org/2004/02/skos/core#Concept"
    ,"rdfs:label": "netwerkelement"
    ,"skos:definition": "Abstract base type representing an element in a network. Every element in a network provides some function that is of interest in the network.\n"
    ,"skos:prefLabel": "netwerkelement"
    },
    {"id":"http://definities.geostandaarden.nl/imkl/id/begrip/Node"
,"@type": "http://www.w3.org/2004/02/skos/core#Concept"
    ,"rdfs:label": "node"
    ,"skos:definition": "Represents a significant position in the network that always occurs at the beginning or the end of a link.\n"
    ,"skos:prefLabel": "node"
    },
    {"id":"http://definities.geostandaarden.nl/imkl/id/begrip/Orientatiepolygoon_GebiedsinformatieAanvraag"
,"@type": "http://www.w3.org/2004/02/skos/core#Concept"
    ,"rdfs:label": "oriëntatiepolygoon (GebiedsinformatieAanvraag)"
    ,"skos:definition": "Verwijzing naar orientatiepolygoon"
    ,"skos:prefLabel": "oriëntatiepolygoon"
    },
    {"id":"http://definities.geostandaarden.nl/imkl/id/begrip/Orientatiepolygoon_IMKL"
,"@type": "http://www.w3.org/2004/02/skos/core#Concept"
    ,"rdfs:label": "oriëntatiepolygoon (IMKL)"
    ,"skos:definition": "Een oriëntatiepolygoon is de weergave door een opdrachtgever, grondroerder, aanbieder of bestuursorgaan van een aangesloten gebied, ten aanzien waarvan deze om gebiedsinformatie verzoekt met het oog op respectievelijk het voorbereiden van graafwerkzaamheden, het voorbereiden van een verzoek tot medegebruik of coördinatie van civiele werken, of ten behoeve van de hem opgedragen taak."
    ,"skos:prefLabel": "oriëntatiepolygoon"
    },
    {"id":"http://definities.geostandaarden.nl/imkl/id/begrip/SpokeEnd"
,"@type": "http://www.w3.org/2004/02/skos/core#Concept"
    ,"rdfs:label": "linkbegin"
    ,"skos:definition": "The links that enter the node.\n"
    ,"skos:prefLabel": "linkbegin"
    },
    {"id":"http://definities.geostandaarden.nl/imkl/id/begrip/SpokeStart"
,"@type": "http://www.w3.org/2004/02/skos/core#Concept"
    ,"rdfs:label": "linkbegin"
    ,"skos:definition": "The links that leave the node.\n"
    ,"skos:prefLabel": "linkbegin"
    },
    {"id":"http://definities.geostandaarden.nl/imkl/id/begrip/StartNode"
,"@type": "http://www.w3.org/2004/02/skos/core#Concept"
    ,"rdfs:label": "beginnode"
    ,"skos:definition": "The optional start node for this link."
    ,"skos:prefLabel": "beginnode"
    },
    {"id":"http://definities.geostandaarden.nl/imkl/id/begrip/Telefoon_AanvraagSoortContact,Contact"
,"@type": "http://www.w3.org/2004/02/skos/core#Concept"
    ,"rdfs:label": "telefoon (AanvraagSoortContact, Contact)"
    ,"skos:definition": "Telefoon van het contact."
    ,"skos:prefLabel": "telefoon"
    },
    {"id":"http://definities.geostandaarden.nl/imkl/id/begrip/TelephoneFacsimile"
,"@type": "http://www.w3.org/2004/02/skos/core#Concept"
    ,"rdfs:label": "fax"
    ,"skos:definition": "Number of a facsimile machine of the organisation or individual.\n"
    ,"skos:prefLabel": "fax"
    },
    {"id":"http://definities.geostandaarden.nl/imkl/id/begrip/TelephoneVoice"
,"@type": "http://www.w3.org/2004/02/skos/core#Concept"
    ,"rdfs:label": "telefoon"
    ,"skos:definition": "Telephone number of the organisation or individual.\n"
    ,"skos:prefLabel": "telefoon"
    },
    {"id":"http://definities.geostandaarden.nl/imkl/id/begrip/Thema_EisVoorzorgsmaatregelBijlage,Utiliteitsnet"
,"@type": "http://www.w3.org/2004/02/skos/core#Concept"
    ,"rdfs:label": "thema (EisVoorzorgsmaatregelBijlage, Utiliteitsnet)"
    ,"skos:definition": "Het thema geeft aan welk type leiding het betreft en welke functie de leidingen hebben. Bijvoorbeeld datatransport, gas lage druk, laagspanning, riool etc. Gekozen kan worden uit een lijst van thema’s"
    ,"skos:prefLabel": "thema"
    },
    {"id":"http://definities.geostandaarden.nl/imkl/id/begrip/Utiliteitsnet_Belanghebbende"
,"@type": "http://www.w3.org/2004/02/skos/core#Concept"
    ,"rdfs:label": "utiliteitsnet (Belanghebbende)"
    ,"skos:definition": "Informatie over ligging van utiliteitsnet en de onderdelen daarvan."
    ,"skos:prefLabel": "utiliteitsnet"
    },
    {"id":"http://definities.geostandaarden.nl/imkl/id/begrip/Utiliteitsnet_IMKL"
,"@type": "http://www.w3.org/2004/02/skos/core#Concept"
    ,"rdfs:label": "utiliteitsnet (IMKL)"
    ,"skos:definition": "Een verzameling netwerkelementen die tot één type nutsvoorzieningennet behoren."
    ,"skos:prefLabel": "utiliteitsnet"
    },
    {"id":"http://definities.geostandaarden.nl/imkl/id/begrip/VersionId"
,"@type": "http://www.w3.org/2004/02/skos/core#Concept"
    ,"rdfs:label": "versie identificatie"
    ,"skos:definition": "The identifier of the particular version of the spatial object, with a maximum length of 25 characters. If the specification of a spatial object type with an external object identifier includes life-cycle information, the version identifier is used to distinguish between the different versions of a spatial object. Within the set of all versions of a spatial object, the version identifier is unique. \n"
    ,"skos:prefLabel": "versie identificatie"
    },
    {"id":"http://definities.geostandaarden.nl/imkl/id/begrip/Website_Contact"
,"@type": "http://www.w3.org/2004/02/skos/core#Concept"
    ,"rdfs:label": "website (Contact)"
    ,"skos:definition": "Pages provided on the World Wide Web by the organisation or individual.\n"
    ,"skos:prefLabel": "website"
    },
    {"id":"http://definities.geostandaarden.nl/imkl/id/begrip/Website_Organisatie"
,"@type": "http://www.w3.org/2004/02/skos/core#Concept"
    ,"rdfs:label": "website (Organisatie)"
    ,"skos:definition": "Website van de organisatie."
    ,"skos:prefLabel": "website"
    },
    {"id":"http://definities.geostandaarden.nl/imkl/id/begrip/AanduidingEisVoorzorgsmaatregel"
,"@type": "http://www.w3.org/2004/02/skos/core#Concept"
    ,"rdfs:label": "aanduiding eis voorzorgsmaatregel"
    ,"skos:definition": "Aanduiding van een netelement waarop een eis voorzorgsmaatregel van toepassing is. Dit is een wettelijke eis."
    ,"skos:prefLabel": "aanduiding eis voorzorgsmaatregel"
    },
    {"id":"http://definities.geostandaarden.nl/imkl/id/begrip/AangrijpingHorizontaal"
,"@type": "http://www.w3.org/2004/02/skos/core#Concept"
    ,"rdfs:label": "aangrijpingspunt horizontaal"
    ,"skos:definition": "Punt op de horiziontale as in labeltekst dat geldt als referentie voor plaatsingspunt."
    ,"skos:prefLabel": "aangrijpingspunt horizontaal"
    },
    {"id":"http://definities.geostandaarden.nl/imkl/id/begrip/AangrijpingVerticaal"
,"@type": "http://www.w3.org/2004/02/skos/core#Concept"
    ,"rdfs:label": "aangrijpingspunt verticaal"
    ,"skos:definition": "Punt op de verticale as in labeltekst dat geldt als referentie voor plaatsingspunt."
    ,"skos:prefLabel": "aangrijpingspunt verticaal"
    },
    {"id":"http://definities.geostandaarden.nl/imkl/id/begrip/AanvraagDatum"
,"@type": "http://www.w3.org/2004/02/skos/core#Concept"
    ,"rdfs:label": "aanvraagdatum"
    ,"skos:definition": "De datumtijd waarop de gebiedsinformatie-aanvraag is aangevraagd.-"
    ,"skos:prefLabel": "aanvraagdatum"
    },
    {"id":"http://definities.geostandaarden.nl/imkl/id/begrip/AanvraagSoortContact"
,"@type": "http://www.w3.org/2004/02/skos/core#Concept"
    ,"rdfs:label": "contact per type soort aanvraag"
    ,"skos:definition": "Het contactadres (meldadres) bij de netbeheerder waar de grondroerder contact mee kan opnemen voor informatie over (het) geraakte belang(en)."
    ,"skos:prefLabel": "contact per type soort aanvraag"
    },
    {"id":"http://definities.geostandaarden.nl/imkl/id/begrip/AanvraagSoort_AanvraagSoortContact"
,"@type": "http://www.w3.org/2004/02/skos/core#Concept"
    ,"rdfs:label": "soort aanvraag (AanvraagSoortContact)"
    ,"skos:definition": "Typering van contact in relatie tot het type melding of verzoek."
    ,"skos:prefLabel": "soort aanvraag"
    },
    {"id":"http://definities.geostandaarden.nl/imkl/id/begrip/AanvraagSoort_GebiedsinformatieAanvraag"
,"@type": "http://www.w3.org/2004/02/skos/core#Concept"
    ,"rdfs:label": "soort aanvraag (GebiedsinformatieAanvraag)"
    ,"skos:definition": "Soort gebiedsinformatie-aanvraag."
    ,"skos:prefLabel": "soort aanvraag"
    },
    {"id":"http://definities.geostandaarden.nl/imkl/id/begrip/Aanvrager_GebiedsinformatieAanvraag"
,"@type": "http://www.w3.org/2004/02/skos/core#Concept"
    ,"rdfs:label": "aanvrager (GebiedsinformatieAanvraag)"
    ,"skos:definition": "De gegevens van de aanvrager van gebiedsinformatie."
    ,"skos:prefLabel": "aanvrager"
    },
    {"id":"http://definities.geostandaarden.nl/imkl/id/begrip/Aanvrager_IMKL"
,"@type": "http://www.w3.org/2004/02/skos/core#Concept"
    ,"rdfs:label": "aanvrager (IMKL)"
    ,"skos:definition": "Een aanvrager van gebiedsinformatie is een persoon die of bedrijf dat wil weten welke kabels en leidingen er in een bepaald gebied onder de grond liggen."
    ,"skos:prefLabel": "aanvrager"
    },
    {"id":"http://definities.geostandaarden.nl/imkl/id/begrip/AchtergrondkaartSoort"
,"@type": "http://www.w3.org/2004/02/skos/core#Concept"
    ,"rdfs:label": "soort achtergrondkaart"
    ,"skos:definition": "Soort achtergrondkaart (Kadaster: bgtBestaand/bgtPlan; netbeheerder: eigenTopoBestaand/eigenTopoPlan)."
    ,"skos:prefLabel": "soort achtergrondkaart"
    },
    {"id":"http://definities.geostandaarden.nl/imkl/id/begrip/Achtergrondkaart_GebiedsinformatieLevering"
,"@type": "http://www.w3.org/2004/02/skos/core#Concept"
    ,"rdfs:label": "achtergrondkaart (GebiedsinformatieLevering)"
    ,"skos:definition": "Kaart ter oriëntering met behulp van topografie."
    ,"skos:prefLabel": "achtergrondkaart"
    },
    {"id":"http://definities.geostandaarden.nl/imkl/id/begrip/Achtergrondkaart_IMKL"
,"@type": "http://www.w3.org/2004/02/skos/core#Concept"
    ,"rdfs:label": "achtergrondkaart (IMKL)"
    ,"skos:definition": "Referentie naar achtergrondkaart met grootschalige topografie (bestaand of gepland) behorend bij het aangevraagde gebied."
    ,"skos:prefLabel": "achtergrondkaart"
    },
    {"id":"http://definities.geostandaarden.nl/imkl/id/begrip/Adres_ExtraDetailinfo"
,"@type": "http://www.w3.org/2004/02/skos/core#Concept"
    ,"rdfs:label": "adres (ExtraDetailinfo)"
    ,"skos:definition": "Adresaanduiding conform BAG"
    ,"skos:prefLabel": "adres"
    },
    {"id":"http://definities.geostandaarden.nl/imkl/id/begrip/Adres_IMKL"
,"@type": "http://www.w3.org/2004/02/skos/core#Concept"
    ,"rdfs:label": "adres (IMKL)"
    ,"skos:definition": "Beschrijving van een locatie van door middel van een adres."
    ,"skos:prefLabel": "adres"
    },
    {"id":"http://definities.geostandaarden.nl/imkl/id/begrip/BAGid"
,"@type": "http://www.w3.org/2004/02/skos/core#Concept"
    ,"rdfs:label": "BAG-identificatie"
    ,"skos:definition": "BAG identifier van een AdreseerbaarObject of een Nummeraanduiding zoals geregistreerd bij de BAG."
    ,"skos:prefLabel": "BAG-identificatie"
    },
    {"id":"http://definities.geostandaarden.nl/imkl/id/begrip/Beheerder"
,"@type": "http://www.w3.org/2004/02/skos/core#Concept"
    ,"rdfs:label": "beheerder"
    ,"skos:definition": "Een persoon of een organisatie die een net of een veiligheidsgebied beheert."
    ,"skos:prefLabel": "beheerder"
    },
    {"id":"http://definities.geostandaarden.nl/imkl/id/begrip/BeheerdersinformatieGeleverd"
,"@type": "http://www.w3.org/2004/02/skos/core#Concept"
    ,"rdfs:label": "beheerdersinformatie geleverd"
    ,"skos:definition": "Indicator die aangeeft of de belanghebbende al (correcte) beheerdersinformatie heeft aangeleverd voor de betreffende aanvraag."
    ,"skos:prefLabel": "beheerdersinformatie geleverd"
    },
    {"id":"http://definities.geostandaarden.nl/imkl/id/begrip/Beheerpolygoon"
,"@type": "http://www.w3.org/2004/02/skos/core#Concept"
    ,"rdfs:label": "beheerpolygoon"
    ,"skos:definition": "Locatie waar een netbeheerder een belang heeft gerelateerd aan de uitvoering van de wet WION."
    ,"skos:prefLabel": "beheerpolygoon"
    },
    {"id":"http://definities.geostandaarden.nl/imkl/id/begrip/Belang"
,"@type": "http://www.w3.org/2004/02/skos/core#Concept"
    ,"rdfs:label": "belang"
    ,"skos:definition": "Een gebied waarin een netbeheerder een of meerdere netten heeft."
    ,"skos:prefLabel": "belang"
    },
    {"id":"http://definities.geostandaarden.nl/imkl/id/begrip/BelangGeneriek"
,"@type": "http://www.w3.org/2004/02/skos/core#Concept"
    ,"rdfs:label": "belang generiek"
    ,"skos:definition": "Een gebied waarin een netbeheerder een of meerdere netten heeft. Of het is een veiligheidsgebied."
    ,"skos:prefLabel": "belang generiek"
    },
    {"id":"http://definities.geostandaarden.nl/imkl/id/begrip/BetrokkenBijAanvraag"
,"@type": "http://www.w3.org/2004/02/skos/core#Concept"
    ,"rdfs:label": "betrokken bij aanvraag"
    ,"skos:definition": "Indien binnen de gevraagde polygoon géén kabels/leidingen liggen, en er daarom geen netinformatie geleverd kan worden, wordt deze indicator op “Nee” gezet, in alle andere gevallen is deze “Ja”."
    ,"skos:prefLabel": "betrokken bij aanvraag"
    },
    {"id":"http://definities.geostandaarden.nl/imkl/id/begrip/BezoekAdres"
,"@type": "http://www.w3.org/2004/02/skos/core#Concept"
    ,"rdfs:label": "bezoekadres"
    ,"skos:definition": "Het bezoekadres van de organisatie."
    ,"skos:prefLabel": "bezoekadres"
    },
    {"id":"http://definities.geostandaarden.nl/imkl/id/begrip/BovengrondsZichtbaar_ContainerLeidingelement"
,"@type": "http://www.w3.org/2004/02/skos/core#Concept"
    ,"rdfs:label": "bovengronds zichtbaar (ContainerLeidingelement)"
    ,"skos:definition": "Aangegeven wordt of het containerleidingelement bovengronds vanaf het maaiveld zichtbaar is."
    ,"skos:prefLabel": "bovengronds zichtbaar"
    },
    {"id":"http://definities.geostandaarden.nl/imkl/id/begrip/Bronhoudercode"
,"@type": "http://www.w3.org/2004/02/skos/core#Concept"
    ,"rdfs:label": "bronhoudercode"
    ,"skos:definition": "Code van de beheerder."
    ,"skos:prefLabel": "bronhoudercode"
    },
    {"id":"http://definities.geostandaarden.nl/imkl/id/begrip/ContactAanvraag"
,"@type": "http://www.w3.org/2004/02/skos/core#Concept"
    ,"rdfs:label": "contact aanvraag"
    ,"skos:definition": "Het contactadres bij de netbeheerder waar de grondroerder contact mee kan opnemen voor informatie over (het) geraakte belang(en) bij een aangegeven aanvraagsoort."
    ,"skos:prefLabel": "contact aanvraag"
    },
    {"id":"http://definities.geostandaarden.nl/imkl/id/begrip/ContactBeschadiging"
,"@type": "http://www.w3.org/2004/02/skos/core#Concept"
    ,"rdfs:label": "contact beschadiging"
    ,"skos:definition": "Contactinformatie bij opgetreden beschadiging."
    ,"skos:prefLabel": "contact beschadiging"
    },
    {"id":"http://definities.geostandaarden.nl/imkl/id/begrip/ContactNetinformatie"
,"@type": "http://www.w3.org/2004/02/skos/core#Concept"
    ,"rdfs:label": "contact netinformatie"
    ,"skos:definition": "Contactgegevens voor netinformatie."
    ,"skos:prefLabel": "contact netinformatie"
    },
    {"id":"http://definities.geostandaarden.nl/imkl/id/begrip/ContactVoorzorgsmaatregel"
,"@type": "http://www.w3.org/2004/02/skos/core#Concept"
    ,"rdfs:label": "contact"
    ,"skos:definition": "Contactgegevens behorende bij EV."
    ,"skos:prefLabel": "contact"
    },
    {"id":"http://definities.geostandaarden.nl/imkl/id/begrip/Contactpersoon_Aanvrager"
,"@type": "http://www.w3.org/2004/02/skos/core#Concept"
    ,"rdfs:label": "contactpersoon (Aanvrager)"
    ,"skos:definition": "Persoon als aanspreekpunt namens aanvrager."
    ,"skos:prefLabel": "contactpersoon"
    },
    {"id":"http://definities.geostandaarden.nl/imkl/id/begrip/Contactpersoon_Opdrachtgever"
,"@type": "http://www.w3.org/2004/02/skos/core#Concept"
    ,"rdfs:label": "contactpersoon (Opdrachtgever)"
    ,"skos:definition": "Persoon als aanspreekpunt namens opdrachtgever."
    ,"skos:prefLabel": "contactpersoon"
    },
    {"id":"http://definities.geostandaarden.nl/imkl/id/begrip/DatumLeveringSamengesteld"
,"@type": "http://www.w3.org/2004/02/skos/core#Concept"
    ,"rdfs:label": "datum levering samengesteld"
    ,"skos:definition": "Het moment waarop de betreffende levering met gebiedsinformatie is samengesteld."
    ,"skos:prefLabel": "datum levering samengesteld"
    },
    {"id":"http://definities.geostandaarden.nl/imkl/id/begrip/DiepteNAP"
,"@type": "http://www.w3.org/2004/02/skos/core#Concept"
    ,"rdfs:label": "diepte NAP"
    ,"skos:definition": "Object dat dient om de afstand weer te geven van het NAP-nulpunt tot de bovenkant van kabel of leiding, leidingcontainer, leidingelement of containerleidingelement."
    ,"skos:prefLabel": "diepte NAP"
    },
    {"id":"http://definities.geostandaarden.nl/imkl/id/begrip/EindDatum_GebiedsinformatieAanvraag"
,"@type": "http://www.w3.org/2004/02/skos/core#Concept"
    ,"rdfs:label": "einddatum (GebiedsinformatieAanvraag)"
    ,"skos:definition": "De geplande einddatum van de werkzaamheden waarvoor de gebiedsinformatie-aanvraag is ingediend."
    ,"skos:prefLabel": "einddatum"
    },
    {"id":"http://definities.geostandaarden.nl/imkl/id/begrip/Einddatum_BelangGeneriek"
,"@type": "http://www.w3.org/2004/02/skos/core#Concept"
    ,"rdfs:label": "einddatum (BelangGeneriek)"
    ,"skos:definition": "Datum tot wanneer het belang van toepassing is."
    ,"skos:prefLabel": "einddatum"
    },
    {"id":"http://definities.geostandaarden.nl/imkl/id/begrip/Email_Organisatie"
,"@type": "http://www.w3.org/2004/02/skos/core#Concept"
    ,"rdfs:label": "email (Organisatie)"
    ,"skos:definition": "Het e-mail adres van de organisatie."
    ,"skos:prefLabel": "email"
    },
    {"id":"http://definities.geostandaarden.nl/imkl/id/begrip/ExtraContact"
,"@type": "http://www.w3.org/2004/02/skos/core#Concept"
    ,"rdfs:label": "extra contact"
    ,"skos:definition": "Extra contact naast dat van de contactpersoon."
    ,"skos:prefLabel": "extra contact"
    },
    {"id":"http://definities.geostandaarden.nl/imkl/id/begrip/Fax"
,"@type": "http://www.w3.org/2004/02/skos/core#Concept"
    ,"rdfs:label": "fax"
    ,"skos:definition": "Het faxnummer van de organisatie."
    ,"skos:prefLabel": "fax"
    },
    {"id":"http://definities.geostandaarden.nl/imkl/id/begrip/GebiedsinformatieAanvraag"
,"@type": "http://www.w3.org/2004/02/skos/core#Concept"
    ,"rdfs:label": "gebiedsinformatie-aanvraag"
    ,"skos:definition": "Aanvraag van gebiedsinformatie."
    ,"skos:prefLabel": "gebiedsinformatie-aanvraag"
    },
    {"id":"http://definities.geostandaarden.nl/imkl/id/begrip/GebiedsinformatieLevering"
,"@type": "http://www.w3.org/2004/02/skos/core#Concept"
    ,"rdfs:label": "gebiedsinformatielevering"
    ,"skos:definition": "Gebiedsinformatie is het geheel van informatie dat door beheerders, via de Dienst wordt verstrekt over de betrokken orientatiepolygoon dan wel graafpolygoon."
    ,"skos:prefLabel": "gebiedsinformatielevering"
    },
    {"id":"http://definities.geostandaarden.nl/imkl/id/begrip/Geometrie3D"
,"@type": "http://www.w3.org/2004/02/skos/core#Concept"
    ,"rdfs:label": "geometrie (3D)"
    ,"skos:definition": "Representatie van het netwerkelement als 3D volume."
    ,"skos:prefLabel": "geometrie (3D)"
    },
    {"id":"http://definities.geostandaarden.nl/imkl/id/begrip/GeometrieVoorVisualisatie"
,"@type": "http://www.w3.org/2004/02/skos/core#Concept"
    ,"rdfs:label": "geometrie voor visualisatie"
    ,"skos:definition": "Geometrie die specifiek is gecreëerd voor de visualisatie van het gebied tussen de graafpolygoon en de buitenring van de informatiepolygoon."
    ,"skos:prefLabel": "geometrie voor visualisatie"
    },
    {"id":"http://definities.geostandaarden.nl/imkl/id/begrip/Geometrie_AanduidingEisVoorzorgsmaatregel"
,"@type": "http://www.w3.org/2004/02/skos/core#Concept"
    ,"rdfs:label": "geometrie (AanduidingEisVoorzorgsmaatregel)"
    ,"skos:definition": "Geometrie die aangeeft op welk element een eis voorzorgsmaatregel van toepassing is."
    ,"skos:prefLabel": "geometrie"
    },
    {"id":"http://definities.geostandaarden.nl/imkl/id/begrip/Geometrie_Graafpolygoon"
,"@type": "http://www.w3.org/2004/02/skos/core#Concept"
    ,"rdfs:label": "geometrie (Graafpolygoon)"
    ,"skos:definition": "De geometrie van het gebied (een polygoon) waarbinnen gegraven gaat worden."
    ,"skos:prefLabel": "geometrie"
    },
    {"id":"http://definities.geostandaarden.nl/imkl/id/begrip/Geometrie_Informatiepolygoon"
,"@type": "http://www.w3.org/2004/02/skos/core#Concept"
    ,"rdfs:label": "geometrie (Informatiepolygoon)"
    ,"skos:definition": "De geometrie van het gebied (een polygoon) waarover informatie gevraagd wordt, niet zijnde het graafgebied.\nEen eventueel opgegeven informatiegebied moet een graafgebied volledig omvatten."
    ,"skos:prefLabel": "geometrie"
    },
    {"id":"http://definities.geostandaarden.nl/imkl/id/begrip/Geometrie_Orientatiepolygoon"
,"@type": "http://www.w3.org/2004/02/skos/core#Concept"
    ,"rdfs:label": "geometrie (Orientatiepolygoon)"
    ,"skos:definition": "De geometrie van het gebied (een polygoon) dat een persoon of organisatie tekent om daar informatie over kabels en leidingen van te ontvangen."
    ,"skos:prefLabel": "geometrie"
    },
    {"id":"http://definities.geostandaarden.nl/imkl/id/begrip/GewensteEinddatum"
,"@type": "http://www.w3.org/2004/02/skos/core#Concept"
    ,"rdfs:label": "gewenste einddatum"
    ,"skos:definition": "Gewenste datum tot wanneer het belang van toepassing is."
    ,"skos:prefLabel": "gewenste einddatum"
    },
    {"id":"http://definities.geostandaarden.nl/imkl/id/begrip/GewensteIngangsdatum"
,"@type": "http://www.w3.org/2004/02/skos/core#Concept"
    ,"rdfs:label": "gewenste ingangsdatum"
    ,"skos:definition": "Gewenste datum vanaf wanneer een belang van toepassing is."
    ,"skos:prefLabel": "gewenste ingangsdatum"
    },
    {"id":"http://definities.geostandaarden.nl/imkl/id/begrip/HuisaansluitingAdressen"
,"@type": "http://www.w3.org/2004/02/skos/core#Concept"
    ,"rdfs:label": "huisaansluiting adressen"
    ,"skos:definition": "Lijst van adressen waarvoor huisaansluitschetsen (extra detailinformatie, type huisaansluiting) gevraagd wordt."
    ,"skos:prefLabel": "huisaansluiting adressen"
    },
    {"id":"http://definities.geostandaarden.nl/imkl/id/begrip/IMKLBasis"
,"@type": "http://www.w3.org/2004/02/skos/core#Concept"
    ,"rdfs:label": "IMKL basis"
    ,"skos:definition": "Abstract data object dat de basis attributen bevat van de IMKL extensie."
    ,"skos:prefLabel": "IMKL basis"
    },
    {"id":"http://definities.geostandaarden.nl/imkl/id/begrip/IndicatieEisVoorzorgsmaatregel"
,"@type": "http://www.w3.org/2004/02/skos/core#Concept"
    ,"rdfs:label": "indicatie eis voorzorgsmaatregel"
    ,"skos:definition": "Is er bij deze belanghebbende sprake van een eisVoorzorgmaatregel bij één van de aangeleverde thema's (J/N)."
    ,"skos:prefLabel": "indicatie eis voorzorgsmaatregel"
    },
    {"id":"http://definities.geostandaarden.nl/imkl/id/begrip/IndicatieLeveringCompleet"
,"@type": "http://www.w3.org/2004/02/skos/core#Concept"
    ,"rdfs:label": "indicatie levering compleet"
    ,"skos:definition": "Indicator die aangeeft of de levering compleet is (dus, of alle netbeheerders al hebben geleverd)."
    ,"skos:prefLabel": "indicatie levering compleet"
    },
    {"id":"http://definities.geostandaarden.nl/imkl/id/begrip/Ingangsdatum"
,"@type": "http://www.w3.org/2004/02/skos/core#Concept"
    ,"rdfs:label": "ingangsdatum"
    ,"skos:definition": "Datum vanaf wanneer een belang van toepassing is."
    ,"skos:prefLabel": "ingangsdatum"
    },
    {"id":"http://definities.geostandaarden.nl/imkl/id/begrip/Kaartreferentie"
,"@type": "http://www.w3.org/2004/02/skos/core#Concept"
    ,"rdfs:label": "kaartreferentie"
    ,"skos:definition": "Referentie naar een achtergrondkaart."
    ,"skos:prefLabel": "kaartreferentie"
    },
    {"id":"http://definities.geostandaarden.nl/imkl/id/begrip/KlicMeldnummer"
,"@type": "http://www.w3.org/2004/02/skos/core#Concept"
    ,"rdfs:label": "KLIC-meldnummer"
    ,"skos:definition": "Een unieke identificatie die al sinds jaar en dag aan een gebiedsinformatie-aanvraag (Klic-melding) wordt toegekend en nog steeds veel in de graafsector wordt gebruikt."
    ,"skos:prefLabel": "KLIC-meldnummer"
    },
    {"id":"http://definities.geostandaarden.nl/imkl/id/begrip/KvkNummer"
,"@type": "http://www.w3.org/2004/02/skos/core#Concept"
    ,"rdfs:label": "KvK-nummer"
    ,"skos:definition": "KvK nummer van de aanvrager van gebiedsinformatie."
    ,"skos:prefLabel": "KvK-nummer"
    },
    {"id":"http://definities.geostandaarden.nl/imkl/id/begrip/Label"
,"@type": "http://www.w3.org/2004/02/skos/core#Concept"
    ,"rdfs:label": "label"
    ,"skos:definition": "Abstract data object dat de labelattributen bevat van de IMKL extensie."
    ,"skos:prefLabel": "label"
    },
    {"id":"http://definities.geostandaarden.nl/imkl/id/begrip/Labelpositie_IMKL"
,"@type": "http://www.w3.org/2004/02/skos/core#Concept"
    ,"rdfs:label": "labelpositie (IMKL)"
    ,"skos:definition": "Punt op de horiziontale - en verticale as in labeltekst dat geldt als referentie voor plaatsingspunt."
    ,"skos:prefLabel": "labelpositie"
    },
    {"id":"http://definities.geostandaarden.nl/imkl/id/begrip/Landcode_Adres"
,"@type": "http://www.w3.org/2004/02/skos/core#Concept"
    ,"rdfs:label": "landcode (Adres)"
    ,"skos:definition": "Tweeletterige afkorting van de landsnaam conform ISO 3166 - Country codes"
    ,"skos:prefLabel": "landcode"
    },
    {"id":"http://definities.geostandaarden.nl/imkl/id/begrip/Landcode_PostbusAdres"
,"@type": "http://www.w3.org/2004/02/skos/core#Concept"
    ,"rdfs:label": "landcode (PostbusAdres)"
    ,"skos:definition": "Landcode van het postbusadres (zie codelijst)."
    ,"skos:prefLabel": "landcode"
    },
    {"id":"http://definities.geostandaarden.nl/imkl/id/begrip/Leveringsvolgnummer"
,"@type": "http://www.w3.org/2004/02/skos/core#Concept"
    ,"rdfs:label": "leveringsvolgnummer"
    ,"skos:definition": "Volgnummer van de levering (binnen de aanvraag). Indien de gebiedsinformatie in meerdere keren wordt uitgeleverd (bijv. omdat 1 of meer netbeheerders te laat leveren) wordt dit nummer steeds opgehoogd."
    ,"skos:prefLabel": "leveringsvolgnummer"
    },
    {"id":"http://definities.geostandaarden.nl/imkl/id/begrip/Ligging_Diepte"
,"@type": "http://www.w3.org/2004/02/skos/core#Concept"
    ,"rdfs:label": "ligging (Diepte)"
    ,"skos:definition": "Locatie van het dieptegegeven."
    ,"skos:prefLabel": "ligging"
    },
    {"id":"http://definities.geostandaarden.nl/imkl/id/begrip/Ligging_EigenTopografie"
,"@type": "http://www.w3.org/2004/02/skos/core#Concept"
    ,"rdfs:label": "ligging (EigenTopografie)"
    ,"skos:definition": "Plaatsaanduiding van de extra topografie."
    ,"skos:prefLabel": "ligging"
    },
    {"id":"http://definities.geostandaarden.nl/imkl/id/begrip/Ligging_ExtraDetailinfo"
,"@type": "http://www.w3.org/2004/02/skos/core#Concept"
    ,"rdfs:label": "ligging (ExtraDetailinfo)"
    ,"skos:definition": "Locatie waar de detailinformatie op van toepassing is."
    ,"skos:prefLabel": "ligging"
    },
    {"id":"http://definities.geostandaarden.nl/imkl/id/begrip/LocatieOmschrijving"
,"@type": "http://www.w3.org/2004/02/skos/core#Concept"
    ,"rdfs:label": "locatieomschrijving"
    ,"skos:definition": "Een omschrijving van de locatie van de werkzaamheden waar de gebiedsinformatie-aanvraag voor is ingediend."
    ,"skos:prefLabel": "locatieomschrijving"
    },
    {"id":"http://definities.geostandaarden.nl/imkl/id/begrip/LocatieWerkzaamheden"
,"@type": "http://www.w3.org/2004/02/skos/core#Concept"
    ,"rdfs:label": "locatie werkzaamheden"
    ,"skos:definition": "Het adres of dichtstbijzijnd adres van de locatie van de werkzaamheden waar de gebiedsinformatie-aanvraag voor is ingediend."
    ,"skos:prefLabel": "locatie werkzaamheden"
    },
    {"id":"http://definities.geostandaarden.nl/imkl/id/begrip/LokaalID"
,"@type": "http://www.w3.org/2004/02/skos/core#Concept"
    ,"rdfs:label": "lokale identificatie"
    ,"skos:definition": "unieke identificatiecode binnen een registratie"
    ,"skos:prefLabel": "lokale identificatie"
    },
    {"id":"http://definities.geostandaarden.nl/imkl/id/begrip/Mobiel"
,"@type": "http://www.w3.org/2004/02/skos/core#Concept"
    ,"rdfs:label": "mobiel"
    ,"skos:definition": "Het mobiele telefoonnummer van de organisatie."
    ,"skos:prefLabel": "mobiel"
    },
    {"id":"http://definities.geostandaarden.nl/imkl/id/begrip/NEN3610ID"
,"@type": "http://www.w3.org/2004/02/skos/core#Concept"
    ,"rdfs:label": "identificatie"
    ,"skos:definition": "identificatiegegevens voor de universeel unieke identificatie van een object"
    ,"skos:prefLabel": "identificatie"
    },
    {"id":"http://definities.geostandaarden.nl/imkl/id/begrip/Naam_Organisatie"
,"@type": "http://www.w3.org/2004/02/skos/core#Concept"
    ,"rdfs:label": "naam (Organisatie)"
    ,"skos:definition": "De naam van de organisatie."
    ,"skos:prefLabel": "naam"
    },
    {"id":"http://definities.geostandaarden.nl/imkl/id/begrip/Omschrijving"
,"@type": "http://www.w3.org/2004/02/skos/core#Concept"
    ,"rdfs:label": "omschrijving"
    ,"skos:definition": "In tekst omschreven belang dat een netbeheerder in dit gebied heeft."
    ,"skos:prefLabel": "omschrijving"
    },
    {"id":"http://definities.geostandaarden.nl/imkl/id/begrip/OmschrijvingWerkzaamheden"
,"@type": "http://www.w3.org/2004/02/skos/core#Concept"
    ,"rdfs:label": "omschrijving werkzaamheden"
    ,"skos:definition": "Een toelichtende omschrijving van de werkzaamheden."
    ,"skos:prefLabel": "omschrijving werkzaamheden"
    },
    {"id":"http://definities.geostandaarden.nl/imkl/id/begrip/Opdrachtgever_GebiedsinformatieAanvraag"
,"@type": "http://www.w3.org/2004/02/skos/core#Concept"
    ,"rdfs:label": "opdrachtgever (GebiedsinformatieAanvraag)"
    ,"skos:definition": "Gegevens van de opdrachtgever voor de aanvraag van gebiedsinformatie."
    ,"skos:prefLabel": "opdrachtgever"
    },
    {"id":"http://definities.geostandaarden.nl/imkl/id/begrip/Opdrachtgever_IMKL"
,"@type": "http://www.w3.org/2004/02/skos/core#Concept"
    ,"rdfs:label": "opdrachtgever (IMKL)"
    ,"skos:definition": "Een opdrachtgever is een persoon die opdracht geeft om te graven in een bepaald gebied."
    ,"skos:prefLabel": "opdrachtgever"
    },
    {"id":"http://definities.geostandaarden.nl/imkl/id/begrip/Ordernummer"
,"@type": "http://www.w3.org/2004/02/skos/core#Concept"
    ,"rdfs:label": "ordernummer"
    ,"skos:definition": "Het nummer van de verkooporder van de aanvraag zoals deze bij KLIC bekend is."
    ,"skos:prefLabel": "ordernummer"
    },
    {"id":"http://definities.geostandaarden.nl/imkl/id/begrip/Organisatie_Aanvrager"
,"@type": "http://www.w3.org/2004/02/skos/core#Concept"
    ,"rdfs:label": "organisatie (Aanvrager)"
    ,"skos:definition": "Organisatie die aanvraag doet."
    ,"skos:prefLabel": "organisatie"
    },
    {"id":"http://definities.geostandaarden.nl/imkl/id/begrip/Organisatie_Beheerder"
,"@type": "http://www.w3.org/2004/02/skos/core#Concept"
    ,"rdfs:label": "organisatie (Beheerder)"
    ,"skos:prefLabel": "organisatie"
    },
    {"id":"http://definities.geostandaarden.nl/imkl/id/begrip/Organisatie_IMKL"
,"@type": "http://www.w3.org/2004/02/skos/core#Concept"
    ,"rdfs:label": "organisatie (IMKL)"
    ,"skos:definition": "Gegevens van de aanvrager van gebiedsinformatie."
    ,"skos:prefLabel": "organisatie"
    },
    {"id":"http://definities.geostandaarden.nl/imkl/id/begrip/Organisatie_Opdrachtgever"
,"@type": "http://www.w3.org/2004/02/skos/core#Concept"
    ,"rdfs:label": "organisatie (Opdrachtgever)"
    ,"skos:definition": "Organisatie die als opdrachtgever optreedt."
    ,"skos:prefLabel": "organisatie"
    },
    {"id":"http://definities.geostandaarden.nl/imkl/id/begrip/Overig"
,"@type": "http://www.w3.org/2004/02/skos/core#Concept"
    ,"rdfs:label": "overig"
    ,"skos:definition": "Een type kabel of leiding die niet onder de andere benoemde typen valt."
    ,"skos:prefLabel": "overig"
    },
    {"id":"http://definities.geostandaarden.nl/imkl/id/begrip/OverigSpecifiek"
,"@type": "http://www.w3.org/2004/02/skos/core#Concept"
    ,"rdfs:label": "overig specifiek"
    ,"skos:definition": "Abstract data object dat de overig-specifieke attributen bevat van de IMKL extensie."
    ,"skos:prefLabel": "overig specifiek"
    },
    {"id":"http://definities.geostandaarden.nl/imkl/id/begrip/PipeDiameter"
,"@type": "http://www.w3.org/2004/02/skos/core#Concept"
    ,"rdfs:label": "buisdiameter"
    ,"skos:definition": "Pipe outer diameter.\n"
    ,"skos:prefLabel": "buisdiameter"
    },
    {"id":"http://definities.geostandaarden.nl/imkl/id/begrip/Positienummer"
,"@type": "http://www.w3.org/2004/02/skos/core#Concept"
    ,"rdfs:label": "positienummer"
    ,"skos:definition": "Het regelnummer (positienummer) van de verkooporder waarbij de aanvraag van het Klic-product is vastgelegd."
    ,"skos:prefLabel": "positienummer"
    },
    {"id":"http://definities.geostandaarden.nl/imkl/id/begrip/PostbusAdres_IMKL"
,"@type": "http://www.w3.org/2004/02/skos/core#Concept"
    ,"rdfs:label": "postbusadres (IMKL)"
    ,"skos:definition": "De gegevens van een adres voor een bus of vak in een postkantoor."
    ,"skos:prefLabel": "postbusadres"
    },
    {"id":"http://definities.geostandaarden.nl/imkl/id/begrip/PostbusAdres_Organisatie"
,"@type": "http://www.w3.org/2004/02/skos/core#Concept"
    ,"rdfs:label": "postbusadres (Organisatie)"
    ,"skos:definition": "Het postbusadres van de organisatie."
    ,"skos:prefLabel": "postbusadres"
    },
    {"id":"http://definities.geostandaarden.nl/imkl/id/begrip/Postbusnummer"
,"@type": "http://www.w3.org/2004/02/skos/core#Concept"
    ,"rdfs:label": "postbusnummer"
    ,"skos:definition": "Het postbusnummer van het postbusadres."
    ,"skos:prefLabel": "postbusnummer"
    },
    {"id":"http://definities.geostandaarden.nl/imkl/id/begrip/Postcode_Adres"
,"@type": "http://www.w3.org/2004/02/skos/core#Concept"
    ,"rdfs:label": "postcode (Adres)"
    ,"skos:definition": "De door TNT Post vastgestelde code behorende bij een\nbepaalde combinatie van een straatnaam en een\nhuisnummer."
    ,"skos:prefLabel": "postcode"
    },
    {"id":"http://definities.geostandaarden.nl/imkl/id/begrip/Postcode_PostbusAdres"
,"@type": "http://www.w3.org/2004/02/skos/core#Concept"
    ,"rdfs:label": "postcode (PostbusAdres)"
    ,"skos:definition": "De postcode van het postbusadres."
    ,"skos:prefLabel": "postcode"
    },
    {"id":"http://definities.geostandaarden.nl/imkl/id/begrip/Pressure"
,"@type": "http://www.w3.org/2004/02/skos/core#Concept"
    ,"rdfs:label": "druk"
    ,"skos:definition": "The maximum allowable operating pressure at which a product is conveyed through a pipe.\n"
    ,"skos:prefLabel": "druk"
    },
    {"id":"http://definities.geostandaarden.nl/imkl/id/begrip/Producttype"
,"@type": "http://www.w3.org/2004/02/skos/core#Concept"
    ,"rdfs:label": "type product"
    ,"skos:prefLabel": "type product"
    },
    {"id":"http://definities.geostandaarden.nl/imkl/id/begrip/Referentie"
,"@type": "http://www.w3.org/2004/02/skos/core#Concept"
    ,"rdfs:label": "referentie"
    ,"skos:definition": "De eigen referentie die de aanvrager aan de gebiedsinformatie-aanvraag heeft gegeven."
    ,"skos:prefLabel": "referentie"
    },
    {"id":"http://definities.geostandaarden.nl/imkl/id/begrip/SoortWerkzaamheden"
,"@type": "http://www.w3.org/2004/02/skos/core#Concept"
    ,"rdfs:label": "soort werkzaamheden"
    ,"skos:definition": "Soort graafwerkzaamheden (zie codelijst)."
    ,"skos:prefLabel": "soort werkzaamheden"
    },
    {"id":"http://definities.geostandaarden.nl/imkl/id/begrip/StartDatum"
,"@type": "http://www.w3.org/2004/02/skos/core#Concept"
    ,"rdfs:label": "startdatum"
    ,"skos:definition": "De geplande startdatum van de werkzaamheden waarvoor de gebiedsinformatie-aanvraag is ingediend."
    ,"skos:prefLabel": "startdatum"
    },
    {"id":"http://definities.geostandaarden.nl/imkl/id/begrip/Telefoon_Organisatie"
,"@type": "http://www.w3.org/2004/02/skos/core#Concept"
    ,"rdfs:label": "telefoon (Organisatie)"
    ,"skos:definition": "Het vaste telefoonnummer van de organiatie."
    ,"skos:prefLabel": "telefoon"
    },
    {"id":"http://definities.geostandaarden.nl/imkl/id/begrip/Thema_Belang"
,"@type": "http://www.w3.org/2004/02/skos/core#Concept"
    ,"rdfs:label": "thema (Belang)"
    ,"skos:definition": "Het thema geeft aan welk type leiding het betreft en welke functie de leidingen hebben. Bijvoorbeeld datatransport, gas lage druk, laagspanning, riool etc. Gekozen kan worden uit een lijst van thema’s."
    ,"skos:prefLabel": "thema"
    },
    {"id":"http://definities.geostandaarden.nl/imkl/id/begrip/Veiligheidsgebied"
,"@type": "http://www.w3.org/2004/02/skos/core#Concept"
    ,"rdfs:label": "veiligheidsgebied"
    ,"skos:definition": "Een veiligheidsgebied is een door de Minister aangewezen gebied waarvan om veiligheidsredenen kan worden afgeweken van de voorschriften zoals gesteld bij of krachtens hoofstuk 4 WION: Informatie-uitwisseling ten behoeve van graafwerkzaamheden."
    ,"skos:prefLabel": "veiligheidsgebied"
    },
    {"id":"http://definities.geostandaarden.nl/imkl/id/begrip/Vlakgeometrie2.5D"
,"@type": "http://www.w3.org/2004/02/skos/core#Concept"
    ,"rdfs:label": "vlakgeometrie (2.5D)"
    ,"skos:definition": "2.5D vlakrepresentatie van het netwerkelement."
    ,"skos:prefLabel": "vlakgeometrie (2.5D)"
    },
    {"id":"http://definities.geostandaarden.nl/imkl/id/begrip/Vlakgeometrie2D"
,"@type": "http://www.w3.org/2004/02/skos/core#Concept"
    ,"rdfs:label": "vlakgeometrie (2D)"
    ,"skos:definition": "Tweedimensionale vlakrepresentatie van het netwerkelement."
    ,"skos:prefLabel": "vlakgeometrie (2D)"
    },
    {"id":"http://definities.geostandaarden.nl/imkl/id/begrip/VoorbereidingCoordinatieCivieleWerken"
,"@type": "http://www.w3.org/2004/02/skos/core#Concept"
    ,"rdfs:label": "voorbereiding coördinatie civiele werken"
    ,"skos:definition": "Oriëntatieverzoek door telecomaanbieder ter voorbereiding op een verzoek tot coördinatie van civiele werken."
    ,"skos:prefLabel": "voorbereiding coördinatie civiele werken"
    },
    {"id":"http://definities.geostandaarden.nl/imkl/id/begrip/VoorbereidingMedegebruikFysiekeInfrastructuur"
,"@type": "http://www.w3.org/2004/02/skos/core#Concept"
    ,"rdfs:label": "voorbereiding medegebruik fysieke infrastructuur"
    ,"skos:definition": "Oriëntatieverzoek door telecomaanbieder ter voorbereiding op een verzoek tot medegebruik fysieke infrastructuur."
    ,"skos:prefLabel": "voorbereiding medegebruik fysieke infrastructuur"
    },
    {"id":"http://definities.geostandaarden.nl/imkl/id/begrip/WebsiteKlic"
,"@type": "http://www.w3.org/2004/02/skos/core#Concept"
    ,"rdfs:label": "website KLIC"
    ,"skos:definition": "Startpagina van de website van de (net)beheerder met specifieke informatie voor de Klic-sector (graafsector)."
    ,"skos:prefLabel": "website KLIC"
    },
    {"id":"http://definities.geostandaarden.nl/imkl/id/begrip/AantalKabelsLeidingen"
,"@type": "http://www.w3.org/2004/02/skos/core#Concept"
    ,"rdfs:label": "aantal kabels en leidingen"
    ,"skos:definition": "Aantal kabels leidingen of buizen dat zich in het containerelement bevindt. "
    ,"skos:prefLabel": "aantal kabels en leidingen"
    },
    {"id":"http://definities.geostandaarden.nl/imkl/id/begrip/Annotatie"
,"@type": "http://www.w3.org/2004/02/skos/core#Concept"
    ,"rdfs:label": "annotatie"
    ,"skos:definition": "<font color=\"#1d1819\">Teksten en symbolen weergegeven in het kaartbeeld.</font>"
    ,"skos:prefLabel": "annotatie"
    },
    {"id":"http://definities.geostandaarden.nl/imkl/id/begrip/AnnotatieType"
,"@type": "http://www.w3.org/2004/02/skos/core#Concept"
    ,"rdfs:label": "type annotatie"
    ,"skos:definition": "Aard van de opgenomen annotatie"
    ,"skos:prefLabel": "type annotatie"
    },
    {"id":"http://definities.geostandaarden.nl/imkl/id/begrip/Appurtenance"
,"@type": "http://www.w3.org/2004/02/skos/core#Concept"
    ,"rdfs:label": "leidingelement"
    ,"skos:definition": "Een leidingelement dat door zijn type wordt beschreven (via het attribuut appurtenanceType)."
    ,"skos:prefLabel": "leidingelement"
    },
    {"id":"http://definities.geostandaarden.nl/imkl/id/begrip/BestandIdentificator"
,"@type": "http://www.w3.org/2004/02/skos/core#Concept"
    ,"rdfs:label": "bestandidentificatie"
    ,"skos:definition": "Unieke identificator van een bestand."
    ,"skos:prefLabel": "bestandidentificatie"
    },
    {"id":"http://definities.geostandaarden.nl/imkl/id/begrip/BestandLocatie"
,"@type": "http://www.w3.org/2004/02/skos/core#Concept"
    ,"rdfs:label": "bestandlocatie"
    ,"skos:definition": "Bestandsnaam van het bestand dat meegegeven wordt."
    ,"skos:prefLabel": "bestandlocatie"
    },
    {"id":"http://definities.geostandaarden.nl/imkl/id/begrip/BestandMediaType"
,"@type": "http://www.w3.org/2004/02/skos/core#Concept"
    ,"rdfs:label": "type bestandmedia"
    ,"skos:definition": "Media type van een bestand."
    ,"skos:prefLabel": "type bestandmedia"
    },
    {"id":"http://definities.geostandaarden.nl/imkl/id/begrip/BijlageType"
,"@type": "http://www.w3.org/2004/02/skos/core#Concept"
    ,"rdfs:label": "type bijlage"
    ,"skos:definition": "Beschrijft het type bijlage."
    ,"skos:prefLabel": "type bijlage"
    },
    {"id":"http://definities.geostandaarden.nl/imkl/id/begrip/BuisSpecifiek"
,"@type": "http://www.w3.org/2004/02/skos/core#Concept"
    ,"rdfs:label": "buis specifiek"
    ,"skos:definition": "Abstract data object dat de buis-specifieke attributen bevat van de IMKL extensie."
    ,"skos:prefLabel": "buis specifiek"
    },
    {"id":"http://definities.geostandaarden.nl/imkl/id/begrip/BuismateriaalType"
,"@type": "http://www.w3.org/2004/02/skos/core#Concept"
    ,"rdfs:label": "type buismateriaal"
    ,"skos:definition": "Materiaal waaruit de buis bestaat."
    ,"skos:prefLabel": "type buismateriaal"
    },
    {"id":"http://definities.geostandaarden.nl/imkl/id/begrip/ContainerLeidingelement"
,"@type": "http://www.w3.org/2004/02/skos/core#Concept"
    ,"rdfs:label": "container van leidingelementen"
    ,"skos:definition": "Abstract data object dat de gemeenschappelijke attributen en associaties bevat voor alle containerleidingelement objecten."
    ,"skos:prefLabel": "container van leidingelementen"
    },
    {"id":"http://definities.geostandaarden.nl/imkl/id/begrip/DatumOpmetingDieptePeil"
,"@type": "http://www.w3.org/2004/02/skos/core#Concept"
    ,"rdfs:label": "datum opmeting dieptepeil"
    ,"skos:definition": "De datum waarop het dieptepeil werd opgemeten."
    ,"skos:prefLabel": "datum opmeting dieptepeil"
    },
    {"id":"http://definities.geostandaarden.nl/imkl/id/begrip/DatumOpmetingMaaiveldPeil"
,"@type": "http://www.w3.org/2004/02/skos/core#Concept"
    ,"rdfs:label": "datum opmeting maaiveldpeil"
    ,"skos:definition": "De datum waarop het maaiveldpeil werd opgemeten."
    ,"skos:prefLabel": "datum opmeting maaiveldpeil"
    },
    {"id":"http://definities.geostandaarden.nl/imkl/id/begrip/Diepte"
,"@type": "http://www.w3.org/2004/02/skos/core#Concept"
    ,"rdfs:label": "diepte"
    ,"skos:definition": "Abstract data object dat de gemeenschappelijke attributen en associaties bevat voor de diepte objecten."
    ,"skos:prefLabel": "diepte"
    },
    {"id":"http://definities.geostandaarden.nl/imkl/id/begrip/DiepteAangrijpingspunt"
,"@type": "http://www.w3.org/2004/02/skos/core#Concept"
    ,"rdfs:label": "diepte aangrijpingspunt"
    ,"skos:definition": "Benoeming van welk aangrijpingspunt van het object de diepte is bepaald."
    ,"skos:prefLabel": "diepte aangrijpingspunt"
    },
    {"id":"http://definities.geostandaarden.nl/imkl/id/begrip/DiepteNauwkeurigheid"
,"@type": "http://www.w3.org/2004/02/skos/core#Concept"
    ,"rdfs:label": "dieptenauwkeurigheid"
    ,"skos:definition": "De nauwkeurigheid van de dekking van een KabelOfLeiding of KabelEnLeidingContainer object of diepte van een Leidingelement of ContainerLeidingelement object."
    ,"skos:prefLabel": "dieptenauwkeurigheid"
    },
    {"id":"http://definities.geostandaarden.nl/imkl/id/begrip/DieptePeil"
,"@type": "http://www.w3.org/2004/02/skos/core#Concept"
    ,"rdfs:label": "dieptepeil"
    ,"skos:definition": "Geeft de afstand weer vanaf de referentie – NAP of maaiveld – tot bovenkant van een KabelOfLeiding, KabelEnLeidingcontainer, Leidingelement of ContainerLeidingelement. Dit attribuut heeft een Measure als data type. De UOM wordt uitgedrukt via 1 van de volgende OGC URN codes: • urn:ogc:def:uom:OGC::m • urn:ogc:def:uom:OGC::cm • urn:ogc:def:uom:OGC::mm.\nVoor WIBON is de eenheid altijd meter en een getal met ten hoogste 2 decimalen."
    ,"skos:prefLabel": "dieptepeil"
    },
    {"id":"http://definities.geostandaarden.nl/imkl/id/begrip/DiepteTovMaaiveld"
,"@type": "http://www.w3.org/2004/02/skos/core#Concept"
    ,"rdfs:label": "diepte tov maaiveld"
    ,"skos:definition": "Object dat dient om de afstand weer te geven vanaf het maaiveld tot de bovenkant van kabel of leiding, leidingcontainer, leidingelement of containerleidingelement."
    ,"skos:prefLabel": "diepte tov maaiveld"
    },
    {"id":"http://definities.geostandaarden.nl/imkl/id/begrip/Dieptelegging"
,"@type": "http://www.w3.org/2004/02/skos/core#Concept"
    ,"rdfs:label": "dieptelegging"
    ,"skos:definition": "Diepte waarop het object is gelegd."
    ,"skos:prefLabel": "dieptelegging"
    },
    {"id":"http://definities.geostandaarden.nl/imkl/id/begrip/Duct"
,"@type": "http://www.w3.org/2004/02/skos/core#Concept"
    ,"rdfs:label": "behuizing"
    ,"skos:definition": "Een behuizing die ertoe dient om door middel van een omhullende constructie kabels en leidingen te beschermen en geleiden. "
    ,"skos:prefLabel": "behuizing"
    },
    {"id":"http://definities.geostandaarden.nl/imkl/id/begrip/EanCode"
,"@type": "http://www.w3.org/2004/02/skos/core#Concept"
    ,"rdfs:label": "EAN-code"
    ,"skos:definition": "Aansluiting identificatie code voor aansluiting op het elektriciteitsnet en gasnet van Nederland."
    ,"skos:prefLabel": "EAN-code"
    },
    {"id":"http://definities.geostandaarden.nl/imkl/id/begrip/EisVoorzorgsmaatregelBijlage"
,"@type": "http://www.w3.org/2004/02/skos/core#Concept"
    ,"rdfs:label": "eis voorzorgsmaatregel bijlage"
    ,"skos:definition": "Bijlage met de vermelding welke voorzorgsmaatregelen getroffen dienen te worden. Aangegeven wordt wat de voorzorgsmaatregel is met de hoogste prioriteit."
    ,"skos:prefLabel": "eis voorzorgsmaatregel bijlage"
    },
    {"id":"http://definities.geostandaarden.nl/imkl/id/begrip/Elektriciteitskabel"
,"@type": "http://www.w3.org/2004/02/skos/core#Concept"
    ,"rdfs:label": "elektriciteitskabel"
    ,"skos:definition": "Een aansluiting of reeks aansluitingen van een nutsvoorzieningennet voor het overbrengen van elektriciteit van de ene locatie naar een andere."
    ,"skos:prefLabel": "elektriciteitskabel"
    },
    {"id":"http://definities.geostandaarden.nl/imkl/id/begrip/ExtraDetailinfo"
,"@type": "http://www.w3.org/2004/02/skos/core#Concept"
    ,"rdfs:label": "extra detailinformatie"
    ,"skos:definition": "Object dat extra informatie over één of meerdere utility network elementen weergeeft via bijkomende bestanden."
    ,"skos:prefLabel": "extra detailinformatie"
    },
    {"id":"http://definities.geostandaarden.nl/imkl/id/begrip/ExtraInfoType"
,"@type": "http://www.w3.org/2004/02/skos/core#Concept"
    ,"rdfs:label": "type extra informatie"
    ,"skos:definition": "Beschrijft het type detailinformatie."
    ,"skos:prefLabel": "type extra informatie"
    },
    {"id":"http://definities.geostandaarden.nl/imkl/id/begrip/ExtraInformatie"
,"@type": "http://www.w3.org/2004/02/skos/core#Concept"
    ,"rdfs:label": "extra informatie"
    ,"skos:definition": "Informatie toegevoegd aan objecten."
    ,"skos:prefLabel": "extra informatie"
    },
    {"id":"http://definities.geostandaarden.nl/imkl/id/begrip/Hoogte"
,"@type": "http://www.w3.org/2004/02/skos/core#Concept"
    ,"rdfs:label": "hoogte"
    ,"skos:definition": "De hoogte of lengte van het object."
    ,"skos:prefLabel": "hoogte"
    },
    {"id":"http://definities.geostandaarden.nl/imkl/id/begrip/Huisletter"
,"@type": "http://www.w3.org/2004/02/skos/core#Concept"
    ,"rdfs:label": "huisletter"
    ,"skos:definition": "Een door of namens het gemeentebestuur ten aanzien\nvan een adresseerbaar object toegekende toevoeging\naan een huisnummer in de vorm van een alfanumeriek\nteken."
    ,"skos:prefLabel": "huisletter"
    },
    {"id":"http://definities.geostandaarden.nl/imkl/id/begrip/Huisnummer"
,"@type": "http://www.w3.org/2004/02/skos/core#Concept"
    ,"rdfs:label": "huisnummer"
    ,"skos:definition": "Een door of namens het gemeentebestuur ten aanzien\nvan een adresseerbaar object toegekende nummering."
    ,"skos:prefLabel": "huisnummer"
    },
    {"id":"http://definities.geostandaarden.nl/imkl/id/begrip/Huisnummertoevoeging"
,"@type": "http://www.w3.org/2004/02/skos/core#Concept"
    ,"rdfs:label": "huisnummertoevoeging"
    ,"skos:definition": "Een door of namens het gemeentebestuur ten aanzien\nvan een adresseerbaar object toegekende nadere\ntoevoeging aan een huisnummer of een combinatie van\nhuisnummer en huisletter."
    ,"skos:prefLabel": "huisnummertoevoeging"
    },
    {"id":"http://definities.geostandaarden.nl/imkl/id/begrip/Identificatie"
,"@type": "http://www.w3.org/2004/02/skos/core#Concept"
    ,"rdfs:label": "identificatie"
    ,"skos:definition": "Unieke identificatie van het object binnen het domein van NEN 3610."
    ,"skos:prefLabel": "identificatie"
    },
    {"id":"http://definities.geostandaarden.nl/imkl/id/begrip/KabelEnLeidingContainer"
,"@type": "http://www.w3.org/2004/02/skos/core#Concept"
    ,"rdfs:label": "kabel- en leidingcontainer"
    ,"skos:definition": "Abstract data object dat de gemeenschappelijke attributen en associaties bevat voor alle kabel- en leidingcontainer objecten."
    ,"skos:prefLabel": "kabel- en leidingcontainer"
    },
    {"id":"http://definities.geostandaarden.nl/imkl/id/begrip/KabelOfLeiding"
,"@type": "http://www.w3.org/2004/02/skos/core#Concept"
    ,"rdfs:label": "kabel of leiding"
    ,"skos:definition": "Leidingen, buizen of kabels bestemd voor voortgeleiding van energie, materie of data."
    ,"skos:prefLabel": "kabel of leiding"
    },
    {"id":"http://definities.geostandaarden.nl/imkl/id/begrip/KabelSpecifiek"
,"@type": "http://www.w3.org/2004/02/skos/core#Concept"
    ,"rdfs:label": "kabel specifiek"
    ,"skos:definition": "Abstract data object dat de kabel-specifieke attributen bevat van de IMKL extensie."
    ,"skos:prefLabel": "kabel specifiek"
    },
    {"id":"http://definities.geostandaarden.nl/imkl/id/begrip/Kabelbed"
,"@type": "http://www.w3.org/2004/02/skos/core#Concept"
    ,"rdfs:label": "kabelbed"
    ,"skos:definition": "Kabelbed of Geul: Ruimtebeslag dat door een gemeenschappelijk tracé van één of meer kabels,  buizen, HDPE- en/of mantelbuizen  – die toebehoren aan één netbeheerder - wordt gevormd."
    ,"skos:prefLabel": "kabelbed"
    },
    {"id":"http://definities.geostandaarden.nl/imkl/id/begrip/Kast"
,"@type": "http://www.w3.org/2004/02/skos/core#Concept"
    ,"rdfs:label": "kast"
    ,"skos:definition": "Eenvoudig kast-object dat nutsvoorzieningenobjecten kan bevatten die tot een of meer nutsvoorzieningennetwerken behoren."
    ,"skos:prefLabel": "kast"
    },
    {"id":"http://definities.geostandaarden.nl/imkl/id/begrip/Leidingelement"
,"@type": "http://www.w3.org/2004/02/skos/core#Concept"
    ,"rdfs:label": "leidingelement"
    ,"skos:definition": "Een object dat bij één of meerdere leidingen behoort en als node in het netwerkmodel is opgenomen."
    ,"skos:prefLabel": "leidingelement"
    },
    {"id":"http://definities.geostandaarden.nl/imkl/id/begrip/MaaiveldPeil"
,"@type": "http://www.w3.org/2004/02/skos/core#Concept"
    ,"rdfs:label": "maaiveldpeil"
    ,"skos:definition": "Hoogte van het maaiveld t.o.v. NAP."
    ,"skos:prefLabel": "maaiveldpeil"
    },
    {"id":"http://definities.geostandaarden.nl/imkl/id/begrip/Maatvoering"
,"@type": "http://www.w3.org/2004/02/skos/core#Concept"
    ,"rdfs:label": "maatvoering"
    ,"skos:definition": "<font color=\"#1d1819\">Teksten en symbolen weergegeven in het kaartbeeld.</font>"
    ,"skos:prefLabel": "maatvoering"
    },
    {"id":"http://definities.geostandaarden.nl/imkl/id/begrip/MaatvoeringsType"
,"@type": "http://www.w3.org/2004/02/skos/core#Concept"
    ,"rdfs:label": "type maatvoering"
    ,"skos:definition": "Aard van de opgenomen annotatie"
    ,"skos:prefLabel": "type maatvoering"
    },
    {"id":"http://definities.geostandaarden.nl/imkl/id/begrip/Mangat"
,"@type": "http://www.w3.org/2004/02/skos/core#Concept"
    ,"rdfs:label": "mangat"
    ,"skos:definition": "Eenvoudig omhullingsobject dat een of meer nutsvoorzieningennetobjecten kan bevatten."
    ,"skos:prefLabel": "mangat"
    },
    {"id":"http://definities.geostandaarden.nl/imkl/id/begrip/Mantelbuis"
,"@type": "http://www.w3.org/2004/02/skos/core#Concept"
    ,"rdfs:label": "mantelbuis"
    ,"skos:definition": "Beschermingsbuis."
    ,"skos:prefLabel": "mantelbuis"
    },
    {"id":"http://definities.geostandaarden.nl/imkl/id/begrip/Mast"
,"@type": "http://www.w3.org/2004/02/skos/core#Concept"
    ,"rdfs:label": "mast"
    ,"skos:definition": "Eenvoudig mast-object dat dienst kan doen als drager van nutsvoorzieningenobjecten van een of meer nutsvoorzieningnetten"
    ,"skos:prefLabel": "mast"
    },
    {"id":"http://definities.geostandaarden.nl/imkl/id/begrip/NetbeheerderNetAanduiding"
,"@type": "http://www.w3.org/2004/02/skos/core#Concept"
    ,"rdfs:label": "netbeheerder netaanduiding"
    ,"skos:definition": "Aanduiding van het risico dat aan een utiliteitsnet of netelement gegeven kan worden ten behoeve van de bepaling of en welke voorzorgsmaatregelen getroffen dienen te worden."
    ,"skos:prefLabel": "netbeheerder netaanduiding"
    },
    {"id":"http://definities.geostandaarden.nl/imkl/id/begrip/NetbeheerderNetOmschrijving"
,"@type": "http://www.w3.org/2004/02/skos/core#Concept"
    ,"rdfs:label": "netbeheerder netomschrijving"
    ,"skos:definition": "Omschrijving bij een risico classificering die aan (onderdeel van een) kabel- of leiding netwerk gegeven kan worden. Op basis van dit risico moeten mogelijk voorzorgsmaatregelen getroffen worden bij het uitvoeren van werkzaamheden."
    ,"skos:prefLabel": "netbeheerder netomschrijving"
    },
    {"id":"http://definities.geostandaarden.nl/imkl/id/begrip/NetbeheerderWerkAanduiding"
,"@type": "http://www.w3.org/2004/02/skos/core#Concept"
    ,"rdfs:label": "netbeheerder werkaanduiding"
    ,"skos:definition": "Aanduiding van het risico dat aan de soort werkzaamheden gegeven is bij de bepaling van de te nemen eis voorzorgsmaatregelen."
    ,"skos:prefLabel": "netbeheerder werkaanduiding"
    },
    {"id":"http://definities.geostandaarden.nl/imkl/id/begrip/OlieGasChemicalienPijpleiding"
,"@type": "http://www.w3.org/2004/02/skos/core#Concept"
    ,"rdfs:label": "olie-, gas- of chemicaliënpijpleiding"
    ,"skos:definition": "Een pijpleiding voor het overbrengen van olie, gas of chemicaliën van de ene locatie naar een andere."
    ,"skos:prefLabel": "olie-, gas- of chemicaliënpijpleiding"
    },
    {"id":"http://definities.geostandaarden.nl/imkl/id/begrip/OpenbareRuimteNaam"
,"@type": "http://www.w3.org/2004/02/skos/core#Concept"
    ,"rdfs:label": "openbare ruimte naam"
    ,"skos:definition": "Een naam die aan een OPENBARE RUIMTE is toegekend in een daartoe strekkend formeel gemeentelijk besluit."
    ,"skos:prefLabel": "openbare ruimte naam"
    },
    {"id":"http://definities.geostandaarden.nl/imkl/id/begrip/Rioolleiding"
,"@type": "http://www.w3.org/2004/02/skos/core#Concept"
    ,"rdfs:label": "rioolleiding"
    ,"skos:definition": "Een rioleringsleiding voor het overbrengen van afvalwater (rioolwater en hemelwater) van de ene locatie naar een andere."
    ,"skos:prefLabel": "rioolleiding"
    },
    {"id":"http://definities.geostandaarden.nl/imkl/id/begrip/Rotatiehoek"
,"@type": "http://www.w3.org/2004/02/skos/core#Concept"
    ,"rdfs:label": "rotatiehoek"
    ,"skos:definition": "Hoek waaronder een labeltekst of symbool wordt weergegeven."
    ,"skos:prefLabel": "rotatiehoek"
    },
    {"id":"http://definities.geostandaarden.nl/imkl/id/begrip/RotatiehoekSymbool"
,"@type": "http://www.w3.org/2004/02/skos/core#Concept"
    ,"rdfs:label": "rotatiehoeksymbool"
    ,"skos:definition": "Hoek waaronder een puntsymbool wordt weergegeven."
    ,"skos:prefLabel": "rotatiehoeksymbool"
    },
    {"id":"http://definities.geostandaarden.nl/imkl/id/begrip/StandaardDieptelegging"
,"@type": "http://www.w3.org/2004/02/skos/core#Concept"
    ,"rdfs:label": "standaard dieptelegging"
    ,"skos:definition": "Gangbare dieptelegging behorend bij dit utiliteitsnet. Diepte is ten opzichte van maaiveld. Dit attribuut heeft een Measure als data type. De UOM wordt uitgedrukt via 1 van de volgende OGC URN codes: • urn:ogc:def:uom:OGC::m • urn:ogc:def:uom:OGC::cm • urn:ogc:def:uom:OGC::mm.\nVoor WIBON is de eenheid altijd meter en een getal met ten hoogste 2 decimalen."
    ,"skos:prefLabel": "standaard dieptelegging"
    },
    {"id":"http://definities.geostandaarden.nl/imkl/id/begrip/Status"
,"@type": "http://www.w3.org/2004/02/skos/core#Concept"
    ,"rdfs:label": "status"
    ,"skos:definition": "Plan of bestaande topografie."
    ,"skos:prefLabel": "status"
    },
    {"id":"http://definities.geostandaarden.nl/imkl/id/begrip/TechnischGebouw"
,"@type": "http://www.w3.org/2004/02/skos/core#Concept"
    ,"rdfs:label": "technisch gebouw"
    ,"skos:definition": "Besloten onderkomen voor het huisvesten van nutsvoorzieningenobjecten die tot een of meer nutsvoorzieningennetwerken behoren."
    ,"skos:prefLabel": "technisch gebouw"
    },
    {"id":"http://definities.geostandaarden.nl/imkl/id/begrip/Telecommunicatiekabel"
,"@type": "http://www.w3.org/2004/02/skos/core#Concept"
    ,"rdfs:label": "telecommunicatiekabel"
    ,"skos:definition": "Een geheel van geleiders welke voorzien zijn van één ommanteling en bestemd is voor transport van data."
    ,"skos:prefLabel": "telecommunicatiekabel"
    },
    {"id":"http://definities.geostandaarden.nl/imkl/id/begrip/ThermischePijpleiding"
,"@type": "http://www.w3.org/2004/02/skos/core#Concept"
    ,"rdfs:label": "warmteleiding"
    ,"skos:definition": "Een leiding voor het transporteren van warmte of koelte van de ene locatie naar een andere."
    ,"skos:prefLabel": "warmteleiding"
    },
    {"id":"http://definities.geostandaarden.nl/imkl/id/begrip/Toelichting"
,"@type": "http://www.w3.org/2004/02/skos/core#Concept"
    ,"rdfs:label": "toelichting"
    ,"skos:definition": "Extra informatie in de vorm van een toelichting."
    ,"skos:prefLabel": "toelichting"
    },
    {"id":"http://definities.geostandaarden.nl/imkl/id/begrip/Toren"
,"@type": "http://www.w3.org/2004/02/skos/core#Concept"
    ,"rdfs:label": "toren"
    ,"skos:definition": "Eenvoudig toren-object dat dienst kan doen als drager van nutsvoorzieningenobjecten van een of meer nutsvoorzieningnetten."
    ,"skos:prefLabel": "toren"
    },
    {"id":"http://definities.geostandaarden.nl/imkl/id/begrip/TypeTopografischObject"
,"@type": "http://www.w3.org/2004/02/skos/core#Concept"
    ,"rdfs:label": "type topografisch object"
    ,"skos:definition": "Soort topografisch object."
    ,"skos:prefLabel": "type topografisch object"
    },
    {"id":"http://definities.geostandaarden.nl/imkl/id/begrip/Versie"
,"@type": "http://www.w3.org/2004/02/skos/core#Concept"
    ,"rdfs:label": "versie"
    ,"skos:definition": "versie-aanduiding van een object"
    ,"skos:prefLabel": "versie"
    },
    {"id":"http://definities.geostandaarden.nl/imkl/id/begrip/Waterleiding"
,"@type": "http://www.w3.org/2004/02/skos/core#Concept"
    ,"rdfs:label": "waterleiding"
    ,"skos:definition": "Een waterleiding voor het overbrengen van water van de ene locatie naar een andere."
    ,"skos:prefLabel": "waterleiding"
    },
    {"id":"http://definities.geostandaarden.nl/imkl/id/begrip/WoonplaatsNaam"
,"@type": "http://www.w3.org/2004/02/skos/core#Concept"
    ,"rdfs:label": "woonplaatsnaam"
    ,"skos:definition": "De benaming van een door het gemeentebestuur\naangewezen WOONPLAATS."
    ,"skos:prefLabel": "woonplaatsnaam"
    }
]
}